title,score,URL,created_utc
"Free & For Sale, Advertisements, Jobs, Housing, Surveys, and anything else.",134,https://www.reddit.com/r/berkeley/comments/xg1ubw/free_for_sale_advertisements_jobs_housing_surveys/,1663359603.0
[Postgame Thread] This is Cal football. Miami Defeats California 39-38,127,https://www.reddit.com/r/berkeley/comments/1fxadz6/postgame_thread_this_is_cal_football_miami/,1728196503.0
I love Cal students,104,https://www.reddit.com/r/berkeley/comments/1fxu51y/i_love_cal_students/,1728257908.0
Rant: I have hardcore anti-football roommates :(,153,https://www.reddit.com/r/berkeley/comments/1fxppsg/rant_i_have_hardcore_antifootball_roommates/,1728245663.0
Cal lifers to new Cal fans:,213,https://i.redd.it/d5vnzo69f6td1.jpeg,1728238126.0
life of a bay area cal student,34,https://i.redd.it/wr2ytii1l8td1.jpeg,1728264291.0
"I just wanna say thank you to everyone. Yâ€™all showed the world. We packed this place up. Weâ€™ll be back, I promise ðŸ’›",767,https://i.redd.it/vj9pynh983td1.jpeg,1728199470.0
"Nobel Prizes are announced this coming week. People connected with Cal (either current faculty, or alumni) have won 24 Nobels this century, so far. Cal faculty have won as many Nobel prizes in the past ten years as University of Miami has in UM's entire 99 year history. :-)",55,https://www.reddit.com/r/berkeley/comments/1fxpnfy/nobel_prizes_are_announced_this_coming_week/,1728245498.0
"""A win here for Cal will be monumental in propelling their football program"" - ESPN Caster",104,https://www.reddit.com/r/berkeley/comments/1fxkzuo/a_win_here_for_cal_will_be_monumental_in/,1728233552.0
i reported Snackpass to the FTC for fraud,19,https://www.reddit.com/r/berkeley/comments/1fxvde2/i_reported_snackpass_to_the_ftc_for_fraud/,1728261718.0
